side	pair	phase	p50_us	min_us	p95_us
after	1	ingest	72765	58350	227623
after	1	point_where	306	259	479
after	1	where_compound	36	36	38
after	1	agg_count	96	96	102
after	1	agg_multi	544	536	579
after	1	group_by_having	19	19	21
after	1	vector_knn	760	659	896
after	1	vector_knn_where	316	256	417
after	1	hybrid_rrf	8601	8178	9528
after	1	mode_recall	786	639	971
after	1	mode_precision	777	669	876
after	1	rls_isolation	88	88	99
after	1	udf_call	767	668	871
before	1	ingest	67319	20231	402906
before	1	point_where	345	286	447
before	1	where_compound	34	32	36
before	1	agg_count	108	108	117
before	1	agg_multi	583	567	659
before	1	group_by_having	19	18	19
before	1	vector_knn	736	659	852
before	1	vector_knn_where	350	267	428
before	1	hybrid_rrf	8374	8092	9209
before	1	mode_recall	731	635	944
before	1	mode_precision	729	634	800
before	1	rls_isolation	101	101	109
before	1	udf_call	767	637	863
after	2	ingest	70820	56416	101679
after	2	point_where	297	258	375
after	2	where_compound	32	32	34
after	2	agg_count	96	96	103
after	2	agg_multi	555	537	580
after	2	group_by_having	19	19	19
after	2	vector_knn	715	670	836
after	2	vector_knn_where	289	262	355
after	2	hybrid_rrf	8444	7890	8775
after	2	mode_recall	693	634	818
after	2	mode_precision	689	625	802
after	2	rls_isolation	88	88	97
after	2	udf_call	760	640	835
before	2	ingest	79497	52211	105220
before	2	point_where	284	261	335
before	2	where_compound	32	32	36
before	2	agg_count	108	108	113
before	2	agg_multi	580	573	597
before	2	group_by_having	19	19	19
before	2	vector_knn	723	674	833
before	2	vector_knn_where	278	261	331
before	2	hybrid_rrf	8268	7944	8797
before	2	mode_recall	725	660	827
before	2	mode_precision	703	651	841
before	2	rls_isolation	100	99	104
before	2	udf_call	748	671	848
after	3	ingest	67278	51472	130014
after	3	point_where	307	261	354
after	3	where_compound	33	33	33
after	3	agg_count	97	97	100
after	3	agg_multi	586	567	604
after	3	group_by_having	19	18	19
after	3	vector_knn	711	644	845
after	3	vector_knn_where	281	254	335
after	3	hybrid_rrf	8416	7889	8815
after	3	mode_recall	722	621	823
after	3	mode_precision	718	628	825
after	3	rls_isolation	88	88	97
after	3	udf_call	727	655	864
before	3	ingest	67978	54207	102682
before	3	point_where	313	271	397
before	3	where_compound	33	32	38
before	3	agg_count	111	108	114
before	3	agg_multi	594	580	601
before	3	group_by_having	20	19	20
before	3	vector_knn	749	656	828
before	3	vector_knn_where	299	259	345
before	3	hybrid_rrf	8431	8041	8760
before	3	mode_recall	765	655	837
before	3	mode_precision	747	660	839
before	3	rls_isolation	102	101	104
before	3	udf_call	753	659	839
after	4	ingest	70070	57670	111947
after	4	point_where	291	264	368
after	4	where_compound	33	32	36
after	4	agg_count	96	96	102
after	4	agg_multi	559	542	576
after	4	group_by_having	19	19	19
after	4	vector_knn	700	637	848
after	4	vector_knn_where	286	268	332
after	4	hybrid_rrf	8349	7928	8747
after	4	mode_recall	691	633	814
after	4	mode_precision	685	608	774
after	4	rls_isolation	88	88	93
after	4	udf_call	711	639	839
before	4	ingest	71863	58757	106355
before	4	point_where	283	263	335
before	4	where_compound	33	33	38
before	4	agg_count	108	108	112
before	4	agg_multi	586	573	599
before	4	group_by_having	19	19	20
before	4	vector_knn	720	650	826
before	4	vector_knn_where	273	252	325
before	4	hybrid_rrf	8418	7956	8788
before	4	mode_recall	755	674	840
before	4	mode_precision	727	650	831
before	4	rls_isolation	100	99	104
before	4	udf_call	745	648	848
after	5	ingest	63560	53250	96887
after	5	point_where	298	259	422
after	5	where_compound	32	31	35
after	5	agg_count	97	97	100
after	5	agg_multi	563	561	578
after	5	group_by_having	19	19	19
after	5	vector_knn	724	642	837
after	5	vector_knn_where	279	257	321
after	5	hybrid_rrf	8461	8034	8669
after	5	mode_recall	727	666	847
after	5	mode_precision	719	636	830
after	5	rls_isolation	90	88	93
after	5	udf_call	729	653	864
before	5	ingest	62259	50348	107418
before	5	point_where	279	260	331
before	5	where_compound	32	32	36
before	5	agg_count	108	108	115
before	5	agg_multi	573	567	608
before	5	group_by_having	19	18	19
before	5	vector_knn	706	644	862
before	5	vector_knn_where	285	256	843
before	5	hybrid_rrf	8461	8223	8701
before	5	mode_recall	721	660	845
before	5	mode_precision	713	651	797
before	5	rls_isolation	101	101	104
before	5	udf_call	725	690	869
